Workbook

Sheet Organisation

Sheet 1.Cover
A2: PROJECT :
A8: QUOTATION TO TENDER
A9: FOR Project
A16: Price Breakdown
A40: 1
A43: ARAS DENİZ İNŞAAT A.Ş.

Sheet 2.Subcontract Price Summary O1
B1: Doc. No: FR.SAT.07-A Date of Issue : 30.10.2017 Rev. Date : .. Rev. No : 01
B3: Price Summary
B4: ■ Project : | E4: [Currency :USD/EURO]
B5: Item No. | C5: Description | D5: Amount | E5: Remarks
B6: 0. | C6: Mobilisation
B7: '0 | C7: Mobilisation | D7: ='2.BOQ'!I7 -> 1133333.3 | G7: Section 9*(2/3)
B8: 1. | C8: Direct | G8: Running Cost
B9: 1.1 | C9: Direct Material | D9: ='8. Material'!F15 -> 0 | G9: Construction Materials
B10: 1.2 | C10: Direct Equipment | D10: ='6.Equipment '!P18 -> 1072500 | G10: Construction Equipment | H10: Mark Up | I10: ARAS | J10: TAŞARON | K10: YAKIT | L10: MALZEME
B11: 1.3 | C11: Direct Labor | D11: ='5.Manpower'!R37 -> 487500 | G11: Rate*1 | H11: Genel Gider ve Merkez Payı | I11: 0.03 | J11: 0.02 | K11: 0.02 | L11: 0.02
B12: 1.4 | C12: Direct Consumables | D12: ='6.Equipment '!Z18 -> 1135082 | G12: Diesel, Lube and water | H12: Teminatlar | I12: 0.002 | J12: 0.002 | K12: 0.002 | L12: 0.002
H13: Finasman | I13: 0 | J13: 0.005 | K13: 0.01 | L13: 0
B14: 2. | C14: Indirect | G14: Running Cost | H14: Enflasyon | I14: 0 | J14: 0 | K14: 0.01 | L14: 0
B15: 2.1 | C15: Site Management&Staff | D15: 0 | G15: Engineer ect*1 | H15: QHSE Cost | I15: 0
B16: 2.2 | C16: Temporary Facilities | D16: 0 | H16: SSK | I16: 0 | J16: 0 | K16: 0 | L16: 0
B17: 2.3 | C17: Indirect Consumables | D17: 0 | G17: Site Office, Accomodation ect | H17: Risk/Fire | I17: 0.03 | J17: 0.02 | K17: 0 | L17: 0.01
H18: Kar/Zarar | I18: 0.1 | J18: 0.08 | K18: 0.06 | L18: 0.06
B19: 3. | C19: Environmental Monitoring | D19: 0 | H19: Gelir Vergisi | I19: 0.05 | J19: 0.01 | K19: 0.01 | L19: 0.01
B20: 4. | C20: Permit process | D20: 0 | H20: Sigorta | I20: 0 | J20: 0 | K20: 0 | L20: 0
B21: 4.1 | C21: Consulting for permission | D21: 0 | H21: Damga Vergisi ve Noter | I21: 0.012 | J21: =I21 -> 0.012 | K21: =J21 -> 0.012 | L21: =K21 -> 0.012
B22: 4.2 | C22: Any extra charge for permit | D22: 0 | H22: Stopaj | I22: 0
H23: TOPLAM | I23: =SUM(I11:I22) -> 0.224 | J23: =SUM(J11:J22) -> 0.149 | K23: =SUM(K11:K22) -> 0.124 | L23: =SUM(L11:L22) -> 0.114
B24: 5. | C24: Demobilisation
B25: 5 | C25: Demobilisation | D25: ='2.BOQ'!I8 -> 566666.67 | G25: Section 9*(1/3) | H25: Markup-Çarpanı | I25: =ROUND(1/(1-I23),3) -> 1.289 | J25: =ROUND(1/(1-J23),3) -> 1.175 | K25: =ROUND(1/(1-K23),3) -> 1.142 | L25: =ROUND(1/(1-L23),3) -> 1.129
B26: 6 | C26: Overheads and Profits | L26: =L25-1 -> 0.129
B27: 6.1 | C27: Overheads and Profits | D27: =(D9+D10)*L26 -> 138352.5 | G27: Approximately*1,289
G29: =15*1.35 -> 20.25 | I29: =D30*I25 -> 5843597.1
C30: TOTAL | D30: =SUM(D7:D29) -> 4533434.5 | I30: 23000
B31: ■ Terms and Conditions | I31: =I30*1.15 -> 26450
I32: 28000
I33: =I32/135 -> 207.40741
I34: =I33*1.15 -> 238.51852
C35: Satıs Fiyatı | D35: ='2.BOQ'!I18 -> 4992700 | E35: Yuzde
C36: Net Kar | D36: =D35-D30 -> 459265.5 | E36: =D36/D35 -> 0.091987402
C37: Amortisman | D37: ='6.Equipment '!P18+'6.Equipment '!P18/6.5*2 -> 1402500 | E37: =D37/D35 -> 0.28091013

Sheet 2.BOQ
C3: ■ Project : GANA Project | J3: [Currency : USD]
C4: No. | D4: Description | E4: Spec | F4: Unit | G4: Qty | H4: Subcontractor | J4: Remarks
H5: Rate | I5: Amount
C6: 1.A. | D6: Mobilization/Demobilization
D7: Mobilization | F7: LS | G7: 1 | H7: =1700000*2/3 -> 1133333.3 | I7: =G7*H7 -> 1133333.3
D8: Demobilization | F8: LS | G8: 1 | H8: =1700000*1/3 -> 566666.67 | I8: =G8*H8 -> 566666.67
A9: Ply | I9: =ROUND(H9*G9,) -> 0
C10: 1.B.1.1. | D10: Procurument | I10: =ROUND(H10*G10,) -> 0
D11: Supply of Inflated Buoyancy Bags | F11: piece | G11: 350 | H11: 1500 | I11: =G11*H11 -> 525000
D12: Supply of Mooring Blocks | F12: piece | G12: 8 | H12: 4400 | I12: =G12*H12 -> 35200 | W12: =G12*2 -> 16
C14: 1.B.1.2 | D14: Offshore Works | I14: =ROUND(H14*G14,) -> 0
D15: Installation of Carbon Steel Pipe (24'') | F15: m | G15: 1920 | H15: 1250 | I15: =G15*H15 -> 2400000
D16: Installation of Concrete Mattresses(6*3 m) | F16: piece | G16: 700 | H16: 475 | I16: =G16*H16 -> 332500
I17: =ROUND(H17*G17,) -> 0
D18: Total Amount | I18: =SUM(I7:I16) -> 4992700
C20: Note)
C21: 1. All items on above BOQ is subject to change in accordance with Contractor's requirement.
C22: 2. Unit Price of All Equipment fuel shall be defined explicitly
C23: 1) Liter of Diesel | E23: 1.109 | F23: EUR/Liter
C24: 2) Liter of Marine Diesel | E24: 0.467 | F24: EUR/Liter | L24: 전체 | M24: =18.2*2+75.6 -> 112 | N24: =18.2*2+84.9 -> 121.3 | S24: =ROUND(+N24*M24,2) -> 13585.6
C25: 3. Subcontractor shall quote the unit price and quantity at above BOQ format. | L25: Zone1 | M25: 75.6 | N25: 84.9 | S25: =ROUND(+N25*M25,2) -> 6418.44
C26: 4. In case of discrepancy in Tender Document, Quantity in the BOQ shall prevail. | L26: Zone2 | S26: =+S24-S25 -> 7167.16
L27: Zone3 | M27: 5 | N27: =2.5+2+2.5+5 -> 12 | O27: 2 | P27: =+O27*N27*M27 -> 120 | Q27: =+P27+P28 -> 155 | R27: 4 | S27: =ROUND(+R27*Q27,2) -> 620
M28: 5 | N28: =2.5+2.5+2 -> 7 | P28: =+M28*N28 -> 35

Sheet Schedule
B4: No. | C4: Description | I4: Qty
J5: 1 | N5: 2 | R5: 3 | V5: 4 | Z5: 5 | AD5: 6 | AH5: 7
J6: 1st | K6: 2nd | L6: 3rd | M6: 4th | N6: 1st | O6: 2nd | P6: 3rd | Q6: 4th | R6: 1st | S6: 2nd | T6: 3rd | U6: 4th | V6: 1st | W6: 2nd | X6: 3rd | Y6: 4th | Z6: 1st | AA6: 2nd | AB6: 3rd | AC6: 4th | AD6: 1st | AE6: 2nd | AF6: 3rd | AG6: 4th | AH6: 1st | AI6: 2nd | AJ6: 3rd | AK6: 4th
B7: ='2.BOQ'!D7 -> Mobilization | I7: 1
B9: Pulling Pipe duringWelding | I9: 1
B10: Sinking Pipe | I10: 1
B11: İnstallation Of Concrete Matresses | I11: 1

Sheet 5.Manpower
B3: Direct Manpower Mobilization Plan | D3: TOTAL
B4: ■ Project :
B5: No. | C5: Craft or Employee | D5: 2018 | P5: TOTAL | Q5: Labor | S5: Remarks | U5: TOTAL | V5: Consumption | X5: TOTAL
D6: 1 | E6: 2 | F6: 3 | G6: 4 | H6: 5 | I6: 6 | J6: 7 | K6: 8 | L6: 9 | M6: 10 | N6: 11 | O6: 12 | P6: Men-Month | Q6: Rate | R6: Amount | U6: Set-Month | V6: Accomodation | W6: Food | X6: Accomodation | Y6: Food
B7: 1. | C7: INDIRECT LABOR | AA7: SSK | AB7: NET | AC7: =C7 -> INDIRECT LABOR
C8: Project Manager | D8: 1 | E8: 1 | F8: 1 | G8: 1 | H8: 1 | I8: 1 | J8: 0.5 | P8: =SUM(D8:O8) -> 6.5 | Q8: 8500 | R8: =P8*Q8 -> 55250 | U8: =P8 -> 6.5 | V8: 0 | W8: 0 | X8: =U8*V8 -> 0 | Y8: =W8*U8 -> 0 | AA8: =Q8*4.66 -> 39610 | AB8: =AA8/1.35 -> 29340.741 | AC8: =C8 -> Project Manager
C9: Site Chief | D9: 1 | E9: 1 | F9: 1 | G9: 1 | H9: 1 | I9: 1 | J9: 0.5 | P9: =SUM(D9:O9) -> 6.5 | Q9: 6500 | R9: =P9*Q9 -> 42250 | U9: =P9 -> 6.5 | V9: 0 | W9: 0 | X9: =U9*V9 -> 0 | Y9: =W9*U9 -> 0 | AA9: =Q9*4.66 -> 30290 | AB9: =AA9/1.35 -> 22437.037 | AC9: =C9 -> Site Chief
C10: Site Engineer | D10: 1 | E10: 1 | F10: 1 | G10: 1 | H10: 1 | I10: 1 | J10: 0.5 | P10: =SUM(D10:O10) -> 6.5 | Q10: 4500 | R10: =P10*Q10 -> 29250 | U10: =P10 -> 6.5 | V10: 0 | W10: 0 | X10: =U10*V10 -> 0 | Y10: =W10*U10 -> 0 | AA10: =Q10*4.66 -> 20970 | AB10: =AA10/1.35 -> 15533.333 | AC10: =C10 -> Site Engineer
C11: Technical Office Chief | D11: 1 | E11: 1 | F11: 1 | G11: 1 | H11: 1 | I11: 1 | J11: 0.5 | P11: =SUM(D11:O11) -> 6.5 | Q11: 5500 | R11: =P11*Q11 -> 35750 | U11: =P11 -> 6.5 | V11: 0 | W11: 0 | X11: =U11*V11 -> 0 | Y11: =W11*U11 -> 0 | AA11: =Q11*4.66 -> 25630 | AB11: =AA11/1.35 -> 18985.185 | AC11: =C11 -> Technical Office Chief
W12: 0 | AC12: =C12 -> 0
B13: 2. | C13: DIRECT LABOR | AC13: =C13 -> DIRECT LABOR
C14: Formen | D14: 2 | E14: 2 | F14: 2 | G14: 2 | H14: 2 | I14: 2 | J14: 1 | P14: =SUM(D14:O14) -> 13 | Q14: 3000 | R14: =P14*Q14 -> 39000 | U14: =P14 -> 13 | V14: 0 | W14: 0 | X14: =U14*V14 -> 0 | Y14: =W14*U14 -> 0 | AA14: =Q14*4.66 -> 13980 | AB14: =AA14/1.35 -> 10355.556 | AC14: =C14 -> Formen
C15: Tug Boat | D15: 10 | E15: 10 | F15: 10 | G15: 10 | H15: 10 | I15: 10 | J15: 5 | P15: =SUM(D15:O15) -> 65 | Q15: 2500 | R15: =P15*Q15 -> 162500 | U15: =P15 -> 65 | V15: 0 | W15: 0 | X15: =U15*V15 -> 0 | Y15: =W15*U15 -> 0 | AA15: =Q15*4.66 -> 11650 | AB15: =AA15/1.35 -> 8629.6296 | AC15: =C15 -> Tug Boat
C16: Floating Crane | D16: 6 | E16: 6 | F16: 6 | G16: 6 | H16: 6 | I16: 6 | J16: 3 | P16: =SUM(D16:O16) -> 39 | Q16: 2000 | R16: =P16*Q16 -> 78000 | U16: =P16 -> 39 | V16: 0 | W16: 0 | X16: =U16*V16 -> 0 | Y16: =W16*U16 -> 0 | AA16: =Q16*4.66 -> 9320 | AB16: =AA16/1.35 -> 6903.7037 | AC16: =C16 -> Floating Crane
C17: service boat | D17: 4 | E17: 4 | F17: 4 | G17: 4 | H17: 4 | I17: 4 | J17: 2 | P17: =SUM(D17:O17) -> 26 | Q17: 1750 | R17: =P17*Q17 -> 45500 | U17: =P17 -> 26 | V17: 0 | W17: 0 | X17: =U17*V17 -> 0 | Y17: =W17*U17 -> 0 | AA17: =Q17*4.66 -> 8155 | AB17: =AA17/1.35 -> 6040.7407 | AC17: =C17 -> service boat
C37: TOTAL | R37: =SUM(R8:R29) -> 487500 | X37: =SUM(X8:X32) -> 0 | Y37: =SUM(Y8:Y32) -> 0

Sheet 6.Equipment 
B3: Construction Equipment Mobilization Plan
B4: ■ Project : | F4: Mobilization Plan by Month | Q4: [Currency : USD] | AA4: [Currency : USD]
F6: TOTAL WORK
B7: No. | C7: Equipment Name | D7: Capacity/Spec | E7: Qwn or Rental | F7: 2018 | N7: TOTAL | O7: Equipment | Q7: Remarks | S7: TOTAL | T7: Diesel | U7: Diesel | V7: Lube | W7: Insurance | X7: Maintenance | Y7: Total | AA7: Remarks
F8: 1 | G8: 2 | H8: 3 | I8: 4 | J8: 5 | K8: 6 | L8: 7 | M8: 8 | N8: Set-Month | O8: Rate | P8: Amount | S8: Set-Month | T8: Ton | U8: Consumption | V8: EUR | W8: EUR | X8: EUR | Y8: Rate | Z8: Amount
B9: 1 | C9: Tug Boat | D9: 5150Hp | E9: Own | F9: 1 | G9: 1 | H9: 1 | I9: 1 | J9: 1 | K9: 1 | L9: 0.5 | N9: =SUM(F9:M9) -> 6.5 | O9: 90000 | P9: =N9*O9 -> 585000 | S9: =N9 -> 6.5 | T9: 150 | U9: =T9*640 -> 96000 | V9: 20000 | W9: 10000 | X9: 0 | Y9: =SUM(U9:X9) -> 126000 | Z9: =S9*Y9 -> 819000
C10: Floating Crane | D10: 80t | E10: Own | F10: 1 | G10: 1 | H10: 1 | I10: 1 | J10: 1 | K10: 1 | L10: 0.5 | N10: =SUM(F10:M10) -> 6.5 | O10: 60000 | P10: =N10*O10 -> 390000 | S10: =N10 -> 6.5 | T10: 15 | U10: =T10*972 -> 14580 | V10: 10000 | W10: 5000 | X10: 0 | Y10: =SUM(U10:X10) -> 29580 | Z10: =S10*Y10 -> 192270
C11: Service Boat | D11: 300Hp | E11: Own | F11: 1 | G11: 1 | H11: 1 | I11: 1 | J11: 1 | K11: 1 | L11: 0.5 | N11: =SUM(F11:M11) -> 6.5 | O11: 15000 | P11: =N11*O11 -> 97500 | S11: =N11 -> 6.5 | T11: 9 | U11: =T11*672 -> 6048 | V11: 10000 | W11: 3000 | X11: 0 | Y11: =SUM(U11:X11) -> 19048 | Z11: =S11*Y11 -> 123812
C18: TOTAL | P18: =SUM(P9:P17) -> 1072500 | Z18: =SUM(Z9:Z17) -> 1135082

Sheet 7.Subcontractor
B1: Doc. No: FR.SAT.07-F Date of Issue : 30.10.2017 Rev. Date : .. Rev. No : 01
B2: Subcontractor Cost Summary
B4: Work Description | C4: Unit | D4: Qty. | E4: Unit Price (Euro) | F4: Total (Euro)
B10: TOTAL: | F10: =SUM(F5:F9) -> 0

Sheet 8. Material
B1: Doc. No: FR.SAT.07-G Date of Issue : 30.10.2017 Rev. Date : .. Rev. No : 01
B2: Material Cost Summary
B4: Material Description | C4: Unit | D4: Qty. | E4: Unit Price (Euro) | F4: Total (Euro) | I4: Unit Price (Tl) m3 | J4: Unit Price (Tl) ton
B5: Construction Material | F5: 0
F6: 0
F7: 0
B8: TOTAL: | F8: 0
B9: Indirect Material | F9: 0
B10: Bez Sapan Vs… | F10: 0
B11: Oksijen | F11: 0
B12: Kaynak vs… | F12: 0
F13: 0
B14: TOTAL: | F14: 0
B15: GRAND TOTAL: | F15: 0

Sheet 9. Mob-Demob Masrafları
B1: Doc. No: FR.SAT.07-H Date of Issue : 30.10.2017 Rev. Date : .. Rev. No : 01
B2: Mob-Demob Cost Summary
B4: Material Description | C4: Unit | D4: Qty. | E4: Unit Price (Euro) | F4: Total (Euro)
B5: Temporary Facilities Cost
B6: Site Office | C6: Nos | D6: 1 | E6: 25000 | F6: =D6*E6 -> 25000
B12: TOTAL:
B13: Mob-Demob Costs
B14: DP1 Deck Cargo Ship | C14: Nos | D14: 1 | E14: 12000 | F14: =D14*E14 -> 12000
B15: Sennebogen Material Handler | C15: Nos | D15: 1 | E15: 6000 | F15: =D15*E15 -> 6000
B16: Sennebogen Crawler Crane | C16: Nos | D16: 1 | E16: 6000 | F16: =D16*E16 -> 6000
B17: Split Hopper Barge-1 | C17: Nos | D17: 1 | E17: 25000 | F17: =D17*E17 -> 25000
B18: Split Hopper Barge-2 | C18: Nos | D18: 1 | E18: 25000 | F18: =D18*E18 -> 25000
B19: Survey Boat | C19: Nos | D19: 1 | E19: 1500 | F19: =D19*E19 -> 1500
B20: Service Boat | C20: Nos | D20: 1 | E20: 1500 | F20: =D20*E20 -> 1500
B21: Underwater Leveling Equipment | C21: Nos | D21: 1 | E21: 40000 | F21: =D21*E21 -> 40000
B22: Floating Crane | C22: Nos | D22: 1 | E22: 12000 | F22: =D22*E22 -> 12000
B23: Tug Boat | C23: Nos | D23: 1 | E23: 22000 | F23: =D23*E23 -> 22000
B27: TOTAL: | F27: =SUM(F5:F26) -> 176000
B28: GRAND TOTAL: | F28: =+F12+F27 -> 176000
